first_name,last_name,DOB,email,address,city,state
Carl Taylor,Heather Carr,05/03/1943,richardsmichael@lopez.net,9815 John Motorway,South Martha,Massachusetts
Daniel Parrish DDS,Jason Davis,25/01/1999,pjones@hotmail.com,285 Teresa Causeway,East Calvin,Tennessee
Cody Strickland,Stephanie Figueroa,23/05/1964,john89@russell.info,078 Wolfe Drive,East Anthonyhaven,Connecticut
Veronica Reid,Glenda Wong,25/08/1960,guzmanjulie@haley.biz,404 Guerrero Flat,South Mary,Indiana
John Cherry,Patrick Salazar,02/04/1974,tatemichael@castro.org,461 Hawkins Key Apt. 320,South Denisebury,Pennsylvania
Michelle Burton,Bruce Mendez,25/10/1984,kathleen74@hotmail.com,5321 Stacy Club Apt. 467,Kathrynshire,South Carolina
Marvin Shelton,David Williams,11/10/1996,agreen@kelly-jones.com,0478 Kenneth Key Apt. 114,Nortonburgh,New York
Amy White,Joseph Jones,10/11/1977,tray@hotmail.com,41865 Mcintyre Meadows,East Christinafort,Arizona
Tonya Kim,Darius May,03/10/1988,colesarah@reed-glover.com,989 Hurley Station,Port Duaneville,Indiana
Corey Martinez,John Kennedy,10/06/1949,wnoble@gmail.com,86891 Dennis Road,Brockside,Maryland
Jessica Rodgers,Juan Davis,24/05/1992,eddiemiller@gmail.com,4614 Savage Forks,East Samuelview,Massachusetts
Matthew Jones,Danielle Torres,18/03/1945,whitekaren@hotmail.com,03080 Kenneth Shores,North Terriport,Mississippi
Caroline Weaver,Darlene Brooks,11/02/1984,lawrencejackson@hotmail.com,6464 Melissa Parkways Suite 654,New Gregorystad,South Dakota
Sarah Olson,Jeffrey Rodriguez,13/04/1949,xhoward@yahoo.com,964 Vance Plains Suite 218,Brittanyfort,Alabama
Shawn Fritz,Lori Garcia,11/07/1958,kimjoseph@gmail.com,455 Jenkins Knolls Suite 381,South Jamesfort,Utah
Stephanie Robinson,William Hernandez,23/09/1999,jeremy07@smith.info,706 Jason Way,Melissaland,South Carolina
Christopher Vega,Curtis Becker,13/09/1999,stephanie15@yahoo.com,661 Thomas Cliff,East Maria,Virginia
Melissa Santos,Joshua Gonzalez,17/06/1943,justin25@chapman.com,11355 Watkins Lodge,Wyattside,Alaska
Heather Green,George Walker,13/07/1979,clarkkathleen@yahoo.com,173 Tammy Junctions Apt. 184,South Sandrafurt,South Carolina
Shelly Carrillo,Erin Michael,01/07/1982,wrightbrandon@hotmail.com,9011 Brian Shoals,Andersonmouth,Alabama
Wendy Rocha,Gerald Donovan,11/01/1961,xking@perez.info,779 Deborah Knoll,North Stevenport,Connecticut
Tanya Lane,Joshua Walker,02/01/1946,jodi64@carey.com,235 Ibarra Points Apt. 213,North Rhondaberg,Montana
Sarah Mejia,April Johnson,06/09/1994,michael87@newman.com,279 Medina Oval,Melvinmouth,Maryland
Jennifer Chan,William Williams,01/01/1975,larry21@carter-ford.com,40639 Bryce Plain,Port Haleyside,Alabama
Miss Gabrielle Price,Eric Phelps,16/03/1974,yjones@briggs.com,98276 Hunter Inlet Suite 253,New Thomas,North Carolina
Ashley Jackson,Monica Mitchell,11/03/1969,nataliedonovan@hotmail.com,29492 Christopher Lights Apt. 129,New Destiny,Florida
Kristi Moore,Tracy Hays,07/09/1951,paulriley@bryant.com,1016 Hanson Plain Suite 084,North Staceyhaven,Idaho
Julie Bell,Breanna Lopez,14/06/1951,whitejohn@yahoo.com,298 Rebecca Hollow,Justinfurt,Florida
Michael Ford,Kristin Scott,16/03/1960,nathanvelez@hotmail.com,9891 Jennifer Keys Suite 973,Robertborough,Arizona
Taylor Kerr,Ruben Hall,27/03/1996,teresa43@thomas.net,10477 Ferguson Plains,Brownborough,Illinois
Andrea Kim,Dr. Melinda Cox,04/05/1993,rchristian@ortega.biz,6211 Todd Road Suite 758,West Peter,Alaska
Margaret Thompson,Sophia Mayo,07/05/1981,keyjasmin@yahoo.com,26805 Jose Trace,Jeremyfort,South Dakota
James Lawrence,Carlos Mann,11/03/1939,qbrown@gmail.com,4517 Steven Shoals Apt. 952,Ronaldview,Indiana
Colin Johnson,Amber Kemp,17/03/1980,tparsons@yahoo.com,7934 Casey Spur,Port Kristinland,New Jersey
Michelle Wilkinson,Carol Love,17/09/1974,edwardsmary@price.com,02270 Guzman Field,East Ernest,Pennsylvania
Julia Thompson,George Anderson,02/01/1944,rollinskelly@hotmail.com,27325 Baker Pine Suite 075,Lake Billyborough,Connecticut
Bryan Garcia,Juan Garcia,04/10/1975,emcguire@yahoo.com,6142 Stephanie Ports Apt. 893,Millerview,Kentucky
Kyle Harrison,Jeffrey Gomez,17/07/1994,herringdavid@yahoo.com,37648 Mccall Via Suite 822,Stoneview,Pennsylvania
Melinda Williamson,Jeanne Hill,18/02/1987,john32@hotmail.com,69935 Flowers Underpass Suite 639,Hernandezfurt,Alaska
Justin Jacobson,Carol Hurst,05/07/1984,joshuaschneider@gmail.com,744 Tyler Ridge Apt. 071,Waterstown,Iowa
Anthony Smith,Mark Martin,25/11/1963,blopez@gmail.com,7786 Haynes Run,East Patrick,West Virginia
Denise Johnson,Kayla Jacobs,04/05/2000,wfernandez@nichols.com,02710 Rebecca Route,East Amandaberg,Rhode Island
Howard Smith,David Ellison,09/01/1970,suttonheather@cole.org,968 Andrew Pine,Port Robertstad,Kansas
Mr. Tyler Mcdonald,Shannon Stevenson PhD,12/09/1998,bowerskim@hotmail.com,86483 Rhonda Mills,Port Crystalside,New Mexico
Kyle Stevens,Rhonda Bullock,09/02/1972,fitzgeraldjohn@hotmail.com,091 James View Suite 770,Lake Billy,New Hampshire
Alex Wright,Gary Newman,05/03/1945,taylortracy@carpenter.com,59719 Martin Well Suite 368,Blackwellchester,Maryland
Samantha Lambert,Kaitlyn Martinez,16/08/1944,mcdanieldavid@gmail.com,89428 Anderson Unions,New Thomas,Mississippi
Rachael Harris,Morgan Munoz,11/05/1991,ctaylor@shaw.org,8952 Kirk Flat Apt. 282,West Adam,North Carolina
Judith Holmes,Roberto Jones,04/11/1981,walkerkatherine@price-watts.info,156 Scott Villages Apt. 630,Jenniferview,Vermont
Roberta Simon DVM,Timothy Green,21/07/1996,carolinecook@gomez-thompson.com,8931 Johnson Brooks,Selenafort,Massachusetts
Ryan Hancock,Christina Stevenson,21/08/1990,jessica11@yahoo.com,44242 Kristen Springs Apt. 152,Lake Danielland,West Virginia
Bradley Brown,Christina Baker,26/09/1959,cherylparker@mays.com,455 Michael Lane,Fletchermouth,Ohio
Thomas Wade,Lisa Lewis,12/06/1982,nicholas38@myers.org,8628 Victor Grove Apt. 892,Rubioland,Texas
Jordan Boyd,Dana Snow,17/03/1963,michaelramsey@gmail.com,47595 Kristy Stravenue,Lindseytown,Rhode Island
Maxwell Rodgers,Charles Snyder,12/05/1978,catherineholland@hotmail.com,54367 Jennifer Springs Apt. 367,Acostafort,Michigan
Kimberly Smith,Benjamin Lucas,09/04/1980,khammond@cox.com,293 Kramer Field,Lake Tanner,Indiana
Nicholas Smith,Jeffery Romero,23/10/1967,frogers@yahoo.com,5785 Tracy Mountain Suite 664,Anaside,Nebraska
Mark Hampton,Whitney Buck,02/07/1994,nhill@gmail.com,78628 Kennedy Ranch,Pearsonbury,Alaska
William Cruz,Alexis White,24/09/1950,qwebster@hotmail.com,4001 Barnett Courts,Heathermouth,Georgia
Bradley Vasquez,Tina Grant,24/09/1947,saundersscott@yahoo.com,70286 Heather Plains Apt. 908,East Misty,Arizona
Joyce Barrett,Laura Conley,09/09/1980,melissajohnson@fisher-west.org,2867 Hart Mission,Garciastad,Massachusetts
Benjamin Johnson,Maria Cook,02/03/1970,brookemckay@thompson-bauer.com,891 Troy Curve Suite 884,New Jeffreyborough,Virginia
Nathan Michael,Denise Ferguson,23/02/1943,cookantonio@tucker-mcclain.com,08294 Stephen Ville,Matthewstad,Maine
Kevin Shaw,Christopher Morgan,23/11/1970,castillokathleen@hotmail.com,69346 Brooks Views Apt. 441,West Melanie,Vermont
Kathleen Dixon,Bruce Ortega,08/08/1965,timothy04@yahoo.com,71241 Reeves Fields Apt. 705,Allenmouth,Alabama
Kelly Walker,Wendy Caldwell,09/04/1939,joshua77@patel.info,28263 Johnson Meadow Suite 685,Nguyenborough,Pennsylvania
Jo Peters,Lindsay Martin,27/01/1983,mercedesbray@guerrero.com,543 Ryan Estates Suite 412,North Victor,New Mexico
Heather Thompson,Patricia Murray,19/01/1949,crystalmunoz@cruz.com,292 Long Union,Jessicahaven,Indiana
Eric May,Alexander Jones,21/05/1944,vluna@ramos.biz,137 Katie Burg,North Todd,California
Marissa Stevens,Michael Haas,12/11/1979,koneal@ryan.com,69374 Diaz Glens,East Christopherport,New Jersey
Timothy Williams,Kendra Sosa,20/11/1954,sethgentry@cole-porter.com,7894 Matthew Estates,Markhaven,Montana
Allison Collins,Christie Miller,11/04/1963,nelsontanya@gardner-mullins.com,21299 Farmer River,Simpsonhaven,Nevada
Stephanie Weber,Jay Guzman,12/07/1968,michael47@yahoo.com,085 White Squares,Port Nancyville,North Carolina
Teresa Riley,William Garza,01/02/1971,sandra61@gmail.com,334 Edwin Greens,Walkerhaven,Massachusetts
Zachary Barber,Steven Moore,21/05/1996,emilylopez@gmail.com,86960 Francisco Meadow Suite 642,South John,Nevada
Ebony Fischer,Jacqueline Gibbs,20/03/1976,jessicaatkins@morris-collins.net,575 Raymond Harbor,Martineztown,Virginia
Jessica Miller,Diane Howard,09/11/1981,thomaskatherine@clark.com,648 Fisher Locks,South Aprilstad,Wyoming
Mallory Lane,Heather Conway,21/10/1991,johnsonlindsey@moore-norton.com,134 Julie Path Suite 909,Branchburgh,Missouri
Shari Thornton,Mary Roberts,24/01/1990,davisjeffrey@valencia.com,9115 Garza Ports Apt. 155,Grayside,Maryland
Rachel Hopkins,Sara Evans,21/09/1965,rmoore@mercer.com,97374 Chen Fields Suite 825,Lake Chloefurt,Texas
Lisa Wade,Christopher Carroll,27/11/1958,katherinelopez@peterson-hill.com,9683 Evans Lakes,North Michaelbury,Maine
William Stevens,Daniel Taylor,14/10/1952,xchavez@yahoo.com,138 Lewis Terrace Apt. 977,South Cherylshire,West Virginia
Jason Alvarez,Nicholas Frederick,08/02/1968,rhall@wise.org,2479 William Shoals,Andrewberg,Rhode Island
Melissa Roy,David Gentry,21/05/1962,rwolfe@lewis-ho.com,311 Collins Alley Apt. 342,Port Tracy,Alabama
William Griffin,Alexandra Logan,23/03/1965,epoole@gmail.com,501 Osborne Overpass,New Benjaminberg,Idaho
Daniel Wolfe,Misty Jacobs,14/07/1998,gabriel21@hotmail.com,60879 Rice Heights,West Richard,Hawaii
Kaitlyn Schroeder DDS,Matthew Wilson,15/06/1998,gary75@gmail.com,3537 Lane Mill,Lake Bradley,Kansas
Cheryl Mcdonald,Shelley Valencia,18/10/1942,brownrachel@hotmail.com,72232 Hernandez Manor,Watkinsbury,Alaska
Katherine Vasquez,Lynn Vincent,03/10/1958,jasonhoffman@hotmail.com,29086 Jerry Fall,Rodriguezfort,Minnesota
William Pierce,Cassidy Cunningham,19/04/1986,allendavis@gmail.com,69987 Ralph Forges Suite 960,West Michelle,Idaho
Jason Diaz,Robert Boyd,16/06/1983,daniel24@willis.org,662 Brown Plains,New Melvin,Illinois
Margaret Sampson,Erin Mcgee,11/01/1940,fergusonangela@nelson-mcclure.com,3607 Theresa Street Apt. 512,Williamsville,Iowa
Alicia Tran,Angela Gonzalez,04/05/1974,donaldsullivan@gmail.com,4410 Lowery Harbor Apt. 459,Gilbertview,Pennsylvania
Monica Thomas,Ricky Scott,14/02/1975,fordmichael@gmail.com,16076 Rachel Route,West Anthony,Kentucky
Anthony Miller,Madison Carpenter,13/09/1973,brownjacob@shepherd.info,79120 Lee Street Apt. 954,South Willie,Arkansas
Karina Lamb,Taylor Holmes,02/03/1963,stephenhuynh@yahoo.com,50257 Black Parks Suite 802,East Jamesborough,South Carolina
Sabrina Allen,Gwendolyn Hess,08/11/1957,kvaldez@hotmail.com,37572 Carpenter Stravenue Suite 410,Ricardoside,Oregon
Jessica Sanchez,Joseph Paul,20/07/1980,sue65@banks-simmons.com,004 Daniel Branch,Ingramchester,Washington
Jeanette Reyes,Andrew Castaneda,01/09/1998,tammy34@yahoo.com,3982 Calvin Circle Apt. 493,Lake James,Vermont
Richard Gutierrez,James Dean,20/01/1959,davismark@tate-johnson.com,4442 Andrew Trace Apt. 668,Erikafurt,Alabama
